Moment 1,Moment 2,Moment 3,Moment 4,Value 1,Value 2,Value 3,Value 4
3,0,6,9,0.00013447333426321351,9.132644602027139e-05,4.640833051796454e-05,3.9644566205509157e-05
